Trip Miles,Trip Seconds,Fare,Speed
0.09,15,3.25,21.6
3,900,12,12
5.84,711,16.75,29.56962025
13.36,1770,34.75,27.17288136
6.13,849,18.51,25.99293286
2,2280,77.5,3.157894737
11.17,1416,29.75,28.39830508
13.21,1553,34,30.62202189
12.52,1755,32.75,25.68205128
9.9,1260,26.75,28.28571429
2.49,903,10.5,9.926910299
0,180,11.25,0
17.2,1500,42.75,41.28
14,1380,35.25,36.52173913
13.93,1167,29.69,42.97172237
11.64,1157,30,36.21780467
0.1,420,7.75,0.857142857
13.02,1340,33.5,34.97910448
0,0,28.75,
1.5,420,7.5,12.85714286
1.88,455,9,14.87472527
12.53,1639,32.75,27.52165955
15.63,1175,38.5,47.88765957
7.37,637,20.25,41.65149137
16.38,1472,40.5,40.05978261
0,0,9.25,
0.8,1080,33,2.666666667
4.64,692,14.5,24.13872832
6.49,758,25,30.823219
8.56,1150,24,26.79652174
0.9,1740,38.5,1.862068966
7.72,1617,23.5,17.18738404
9.7,1060,30,32.94339623
10.37,2043,30.25,18.27312775
12.7,1440,33.25,31.75
0,1860,34.75,0
10.5,960,27.25,39.375
9.19,930,24.25,35.57419355
0.06,526,6,0.410646388
12.91,1643,34,28.28727937
0,6,8,0
9.5,1500,26.75,22.8
10.1,1378,26.75,26.38606676
3.54,791,12,16.11125158
0,0,3.25,
0,13,3.25,0
3.73,575,15.19,23.35304348
13.4,1260,35,38.28571429
19.2,1470,47,47.02040816
13.7,1800,35.75,27.4
0,2,40,0
0.85,193,5.25,15.85492228
0,12,3.25,0
0,9,18,0
18.69,1501,45.75,44.82611592
17.73,1356,43.5,47.07079646
16.4,1680,40.75,35.14285714
19.17,1544,47.25,44.69689119
11.51,1012,29.5,40.94466403
2.69,513,10,18.87719298
14.2,1380,36,37.04347826
15.53,1250,38.5,44.7264
13.57,1407,35,34.7206823
14.89,1406,37,38.12517781
13.1,1329,33.25,35.48532731
12.95,954,33,48.86792453
0,0,35,
0.4,1860,23.75,0.774193548
2.01,543,9,13.32596685
15.08,1865,39,29.10884718
8.1,1080,22.75,27
17.74,1477,43.75,43.23899797
8.1,2280,28,12.78947368
0.9,1320,37.5,2.454545455
1,1500,42.25,2.4
0.59,302,5.25,7.033112583
11.39,1145,29.75,35.81135371
4.51,623,11.01,26.06099518
6.8,780,19.25,31.38461538
12.88,1452,33.68,31.9338843
11.45,1575,31,26.17142857
0,859,28.58,0
0.7,1560,33.25,1.615384615
2.7,712,10.75,13.65168539
16.02,1434,40,40.21757322
11.65,1045,30.5,40.13397129
13.44,1572,34.75,30.77862595
1.49,452,7.5,11.86725664
12,1200,31.25,36
4.89,708,15,24.86440678
4.82,2391,24.75,7.257214555
0,1680,57,0
12.19,1267,32.25,34.63614838
18.5,1500,45.25,44.4
12.12,1425,32,30.61894737
0,7,55,0
2.05,575,9,12.83478261
16.3,1320,41,44.45454545
9.51,1443,26.25,23.72557173
12.2,1140,31.25,38.52631579
15.38,1327,38.25,41.7241899
14.09,2093,36.5,24.23506928
13.26,1097,33.68,43.51504102
11,1440,44,27.5
8.24,1137,23,26.08970976
1.2,300,6.25,14.4
0.9,1440,38.5,2.25
2.3,660,9.5,12.54545455
14.02,1625,36,31.05969231
14.41,1961,37.25,26.45385008
0.8,420,6.5,6.857142857
5.87,578,16.75,36.56055363
3,369,10,29.26829268
13.7,1200,34,41.1
21.16,1805,51.56,42.20277008
15.65,1499,39.25,37.5850567
18.16,1380,44.5,47.37391304
1.2,1500,48,2.88
0,0,3.25,
1.86,555,8.75,12.06486486
0.29,101,4,10.33663366
0.7,300,5.5,8.4
0.6,960,27.75,2.25
4.07,1150,14.5,12.74086957
13.13,1006,33.75,46.9860835
0,9,53,0
18.94,1629,47,41.85635359
4.1,1122,14.75,13.15508021
17.64,1429,43,44.43946816
15.27,1478,38.5,37.19350474
0,180,28.5,0
11,1080,29,36.66666667
12.09,1761,32,24.71550256
4.16,619,13.99,24.19386107
2.54,657,10.25,13.91780822
13.9,1731,35.5,28.90814558
0.1,540,8.5,0.666666667
6.5,882,18.75,26.53061224
14.82,1562,37.25,34.15620999
16.83,1290,41.75,46.96744186
0.38,140,4.25,9.771428571
17.02,1489,42.25,41.14976494
10.01,823,25.75,43.78614824
15.39,1314,38.75,42.16438356
3.2,660,11.5,17.45454545
13.01,1285,33,36.44824903
1.41,413,7,12.2905569
19.87,1900,48.5,37.64842105
0.63,173,4.75,13.10982659
9.1,1320,24.75,24.81818182
19.54,1783,47.5,39.45260796
40.35,43171,0.01,3.36475875
2.8,420,10,24
12.3,1500,31.75,29.52
4.75,1180,14.72,14.49152542
4.88,586,13.85,29.97952218
0,60,3.25,0
13.22,1398,33.5,34.04291845
0,0,3.25,
6.77,753,18.76,32.36653386
32.4,1920,62.5,60.75
0,885,13.46,0
13.1,1676,34.75,28.13842482
0.6,1500,29,1.44
0.11,15,10,26.4
8.3,960,22,31.125
0.1,720,8.25,0.5
0,2,45,0
1.9,600,8.5,11.4
0,3,17,0
3.38,570,11.25,21.34736842
3.58,541,11.75,23.82255083
2.65,391,9.25,24.39897698
12.9,1140,32.75,40.73684211
8,1020,22.25,28.23529412
4.56,519,14,31.6300578
1.85,314,7.5,21.21019108
4.36,789,13.29,19.89353612
2.4,720,10.25,12
0.98,396,6.5,8.909090909
2.5,750,10.25,12
3.2,412,10.5,27.96116505
14.7,1740,38,30.4137931
1.1,420,6.25,9.428571429
16.97,1426,42.5,42.84151473
0.01,6,35,6
0.3,840,17.5,1.285714286
1.06,365,6.25,10.45479452
3.62,569,20,22.90333919
16.2,1440,39.75,40.5
10.75,834,27.5,46.4028777
14.8,1140,53.75,46.73684211
23.7,2040,57.25,41.82352941
16.6,1620,41.5,36.88888889
8.38,790,45.65,38.18734177
0,4,19,0
4.49,682,13.75,23.70087977
9.3,1380,26,24.26086957
6.9,900,20,27.6
2.9,849,13.14,12.29681979
1.54,350,9,15.84
4.83,587,13.64,29.62180579
0.19,67,3.75,10.20895522
16.04,3366,46.75,17.15508021
2.15,498,9,15.54216867
1.49,314,7.25,17.08280255
12.1,1110,31,39.24324324
7,960,19.5,26.25
17.24,1218,42.25,50.95566502
19.06,1484,47,46.23719677
11.5,1440,30.75,28.75
16.41,1418,40.5,41.66149506
0,7,60,0
1.8,480,8,13.5
0,360,5.25,0
1,240,6,15
0,6,30,0
0,9,30,0
0,0,3.25,
19.2,1620,44,42.66666667
0.9,1560,38,2.076923077
2.84,557,10.75,18.35547576
0,11,5,0
8.81,754,23,42.06366048
17.28,1220,42.25,50.99016393
13.9,1800,36.25,27.8
12.44,929,34.86,48.20667384
15.17,1451,38.25,37.63749139
14.14,1810,34.45,28.12375691
11.2,1320,30,30.54545455
0,4,45,0
0,0,28.5,
18.9,1440,46.25,47.25
0.67,212,5,11.37735849
7.91,1069,22.25,26.63797942
16.34,1255,40.5,46.87171315
0,60,3.25,0
5.7,840,16.75,24.42857143
9.37,2058,27.25,16.39067055
11.76,3076,39.5,13.763329
11.69,737,29.5,57.10176391
2.2,323,34.45,24.52012384
0,0,3.25,
4.8,900,15.5,19.2
12.56,1595,43.52,28.34858934
0,342,9,0
0,21,3.25,0
17.97,1630,45.25,39.68834356
13.64,1370,35,35.84233577
2.7,420,9.75,23.14285714
5.51,557,15.75,35.61220826
2.1,600,8.5,12.6
2.87,421,9.75,24.5415677
13.8,1440,35.25,34.5
4.71,669,12.38,25.34529148
0.2,960,13.25,0.75
12.13,1022,31,42.72798434
11.9,1020,30,42
2.14,633,9.5,12.17061611
18.31,1519,45.5,43.39433838
9.86,1643,27,21.60438223
1.69,471,7.75,12.91719745
11.38,1196,29.5,34.2541806
4.1,621,13.25,23.76811594
10.03,1257,27.5,28.72553699
12.43,1390,32.25,32.19280576
2.51,666,10,13.56756757
18.66,1495,46,44.93377926
15.09,1668,38.75,32.56834532
0,508,9,0
0,3,52,0
2.3,739,12.91,11.20433018
3.9,720,8.75,19.5
11.17,1408,30.75,28.55965909
0,548,6,0
6.68,1255,20.25,19.16175299
18.2,1320,44.5,49.63636364
12.39,1354,32.75,32.94239291
0.6,1740,28.25,1.24137931
13.03,873,32.75,53.73195876
0.92,291,6,11.3814433
11.4,1440,29.25,28.5
0.46,275,5,6.021818182
8.12,1087,20.55,26.89236431
11.95,1208,31.25,35.61258278
0,4,35,0
13.94,1598,36,31.40425532
9.4,1020,25.25,33.17647059
3.2,1020,12.5,11.29411765
1.71,355,9,17.34084507
0.6,1020,29.25,2.117647059
0,0,3.25,
0,840,19,0
14.13,1060,35.25,47.98867925
0,1380,34.25,0
17.11,1478,42.25,41.67523681
12.38,1097,31.75,40.627165
10.07,1600,27.5,22.6575
0,5,18,0
18,1740,44.5,37.24137931
9.96,1463,27.5,24.50854409
14.53,1584,37.75,33.02272727
15.38,1896,39,29.20253165
0,12,3.25,0
24.88,1922,59.5,46.60145682
8.6,1096,23.5,28.24817518
1.72,465,9,13.31612903
2.32,715,9,11.68111888
8.1,1080,22.75,27
0,0,10.5,
3.63,540,11.75,24.2
15.53,1445,39.25,38.69065744
8.9,1128,24,28.40425532
0,5,30,0
0,26,45,0
15.77,1279,39.25,44.38780297
5.76,700,16.5,29.62285714
1.66,324,7,18.44444444
12.5,1320,32.25,34.09090909
24.6,2040,58.5,43.41176471
22.6,1680,44,48.42857143
1.2,240,5.75,18
7.85,852,21.75,33.16901408
0,683,20.52,0
0.1,420,9.75,0.857142857
0,2,39,0
12.06,824,30.5,52.68932039
0,6,42,0
16.2,1440,40.25,40.5
0.12,30,3.5,14.4
2.64,566,25,16.79151943
8.37,1029,23,29.28279883
12.09,1177,31,36.97875956
0,39,32.75,0
15.77,1687,39.25,33.65263782
16.16,1589,37.25,36.61170548
12.55,1095,43.22,41.26027397
9.8,1020,25.25,34.58823529
19.76,1764,48.5,40.32653061
13.29,1206,33.25,39.67164179
0.9,1920,39.75,1.6875
0.1,840,9.75,0.428571429
5.24,1053,15.75,17.91452991
17.73,1353,43.25,47.1751663
4.5,900,14.25,18
2.53,577,9.75,15.78509532
3.78,735,10.95,18.51428571
8.58,1064,23.75,29.03007519
21.57,2159,52.75,35.96665123
16.66,1175,41,51.04340426
1.22,431,10,10.19025522
1.07,212,9,18.16981132
15.3,1620,39,34
0,54939,3.25,0
2.9,720,11.5,14.5
21.57,1429,52,54.34009797
2.38,607,9.25,14.11532125
33.5,2640,79.5,45.68181818
11.76,1280,31,33.075
18.98,1430,46.5,47.78181818
1.7,60,8.5,102
15.08,2711,44,20.025083
0,123,28.56,0
9.27,2264,31.75,14.74028269
0.4,840,19,1.714285714
17.05,1415,42,43.37809187
8.59,841,22.75,36.7705113
2.5,540,9.75,16.66666667
14.43,1407,36.5,36.92110874
1.12,407,6.5,9.906633907
0.15,221,10,2.443438914
3.28,768,12.76,15.375
16.8,1260,41.25,48
2.9,780,17.75,13.38461538
16.72,1714,42,35.11785298
17.61,1276,43.25,49.68338558
17.46,1249,42.75,50.32506005
17.58,1449,43.75,43.67701863
1.5,420,7,12.85714286
1.1,360,6,11
9.19,1007,24.5,32.85402185
8.1,840,21.5,34.71428571
18.13,1650,44.5,39.55636364
15.5,1804,39.5,30.93126386
0.53,261,5,7.310344828
16.63,1315,41.5,45.5269962
0.7,295,9,8.542372881
9.5,1011,25.5,33.82789318
11.07,1266,29,31.47867299
1.1,30664,5.75,0.129141664
14.03,1959,36.75,25.78254211
0.4,180,4.5,8
15.54,1495,38.75,37.42073579
11.91,1008,30.5,42.53571429
0,294,10,0
0,955,17.25,0
17.13,1640,43.5,37.60243902
8.63,804,23,38.64179104
4.76,638,17.88,26.85893417
4.91,883,15.75,20.01812005
2.34,734,35,11.47683924
13.21,1515,34.75,31.39009901
3.2,756,10.84,15.23809524
3.69,657,13.06,20.21917808
1.24,353,9,12.64589235
10.8,960,28.5,40.5
6.45,1065,19.25,21.8028169
1.13,348,6.25,11.68965517
7,720,19.5,35
0,300,0,0
16.59,1382,41,43.21562952
6,1005,18.25,21.49253731
2.39,436,9,19.73394495
5.28,1579,18.5,12.03799873
1.06,265,6,14.4
0.6,1740,29.25,1.24137931
7.52,781,20.25,34.66325224
3.7,480,11.75,27.75
17.63,1440,43.5,44.075
9.7,1012,25.75,34.50592885
2.44,659,9.75,13.3292868
16.29,1382,40.25,42.4341534
0.2,840,14,0.857142857
17.53,1293,43,48.80742459
14.64,1526,37.5,34.53735256
0,114,14.15,0
0.45,163,4.5,9.938650307
0,504,15.18,0
0,0,3.25,
8.4,886,22.75,34.13092551
13.7,2142,37,23.02521008
7.76,1667,23.5,16.75824835
0.93,218,5.75,15.35779817
0.54,192,4.75,10.125
17.64,1489,43.25,42.64875756
0.1,540,8.25,0.666666667
10.2,1200,27,30.6
25.09,1792,59.75,50.40401786
0,328,10,0
3.06,478,10.25,23.0460251
5.9,1093,18,19.43275389
16.1,1198,40,48.38063439
1.79,842,9.5,7.653206651
16.8,1872,42.25,32.30769231
18.65,1354,45.5,49.58641064
3.48,452,11.25,27.71681416
0,60,3.25,0
0.02,33,3.25,2.181818182
0,2,30,0
17.83,1385,44,46.34512635
11.76,1104,30.5,38.34782609
0,0,3.25,
17.41,1293,42.5,48.47331787
12.32,1538,32.5,28.83745124
13.1,2280,35,20.68421053
0,4,20,0
0.94,258,5.5,13.11627907
0.7,480,6.25,5.25
0,809,10.57,0
2.62,868,10.75,10.86635945
18.95,1425,46,47.87368421
17.81,1748,44.75,36.67963387
14.09,1435,36,35.34773519
12.25,1420,32.5,31.05633803
1.08,295,9,13.17966102
8.65,729,22.75,42.71604938
1.99,575,8.75,12.45913043
0.88,323,5.75,9.808049536
1.56,334,6.75,16.81437126
11.09,1430,28.75,27.91888112
0,1560,58.5,0
14.46,1310,36,39.73740458
15.15,1652,38,33.01452785
0,0,3.25,
18,1740,44,37.24137931
17.73,1262,43.5,50.57686212
9.17,751,24.25,43.95739015
12.6,1322,32.75,34.31164902
0,5,35,0
0,10,42,0
5.09,528,14.75,34.70454545
3.08,679,11,16.32989691
0,6,29,0
14.71,1241,36.75,42.67203868
8.9,1140,24.75,28.10526316
16.57,1415,41,42.15689046
0,1320,28.75,0
14.9,480,37.75,111.75
15.06,1530,38.25,35.43529412
20.7,1980,51,37.63636364
0,4,40,0
2.11,992,11.25,7.657258065
0.97,256,5.75,13.640625
5.63,733,14.3,27.65075034
15.3,1440,38,38.25
13.74,1211,34.75,40.84558216
0,457,10.93,0
12.99,1526,33,30.64482307
0.9,420,6.5,7.714285714
10.95,993,28.25,39.6978852
2.6,540,9.75,17.33333333
1.56,525,7.5,10.69714286
12.73,1286,33.25,35.63608087
17.3,2160,44.25,28.83333333
0,6,45,0
1.86,551,8.5,12.15245009
14.49,1478,36,35.29364005
15.39,2099,39.75,26.39542639
1.23,458,6.75,9.668122271
4.3,1020,14.5,15.17647059
0,60,3.25,0
0.7,2160,32.75,1.166666667
16.33,1234,40,47.64019449
18.04,1725,44.25,37.64869565
17.2,0,43,inf
14.11,1553,36.5,32.7083065
16.67,1288,41,46.5931677
15.7,1811,40.25,31.20927664
5.18,1618,21.99,11.52533993
8.62,1019,23,30.45338567
3.28,696,13.89,16.96551724
0,480,13.25,0
10.27,848,26.5,43.5990566
3.01,434,10,24.96774194
0,535,13,0
0,304,10.53,0
14.3,2083,38,24.7143543
14.8,1260,37.5,42.28571429
5.91,1065,18,19.97746479
8.17,1308,23.25,22.48623853
6.8,641,18.75,38.19032761
0,12,25,0
11.45,946,29.5,43.57293869
0.84,287,5.5,10.53658537
2.66,411,10,23.29927007
4.8,1156,15.5,14.94809689
0,5,75,0
17.71,1596,44,39.94736842
4,991,13.5,14.53077699
11.59,1427,30.75,29.23896286
0,9,38,0
12.34,1846,31.48,24.06500542
12.27,797,31,55.42283563
17.71,1396,43.5,45.67048711
19.83,1684,48.5,42.39192399
0.05,107,34.86,1.682242991
10.67,1765,32.5,21.7631728
11.31,2098,31.25,19.40705434
11.63,2353,37,17.79345516
0,60,0,0
13.88,1313,35,38.05635948
19,1500,46.25,45.6
1.94,593,10,11.77740304
0.78,280,10,10.02857143
29.25,6507,94.5,16.18257261
17.9,1432,44,45
3.68,811,15.62,16.33538841
13.58,1048,34.25,46.64885496
18.6,1644,46,40.72992701
1.67,462,10,13.01298701
0,1320,25.5,0
2.5,1620,27,5.555555556
16.79,1279,41.5,47.25879593
16.34,1163,40.5,50.57953568
4.45,641,12.97,24.99219969
8.5,1080,23.5,28.33333333
13.73,1135,35,43.54889868
5.1,780,15.75,23.53846154
0,31,56,0
4.17,477,11.88,31.47169811
9.34,932,25,36.07725322
2.79,585,9.75,17.16923077
19.9,2640,50.75,27.13636364
17.14,1461,43,42.23408624
17.18,1217,42,50.8200493
0,1080,31.75,0
0,360,6.25,0
10.75,1075,28.5,36
17.79,1446,44.5,44.29045643
1.1,480,6.75,8.25
11.54,1309,30,31.73720397
1.34,308,10,15.66233766
19.47,1860,47.5,37.68387097
5.46,1210,17.25,16.2446281
0.7,1380,31.75,1.826086957
11.77,1135,30.5,37.33215859
0.7,1800,32.25,1.4
14,1310,36,38.47328244
0,602,15.45,0
10.3,1440,28.25,25.75
9.77,1053,26.25,33.4017094
12.2,1380,31.75,31.82608696
1.94,448,7.75,15.58928571
12.56,1791,33,25.24623116
10.77,1437,29.5,26.98121086
9.08,1261,45,25.9222839
2.96,813,10.11,13.10701107
0.2,780,12,0.923076923
0.2,900,13.75,0.8
1.42,411,7,12.4379562
24.3,1817,58.5,48.14529444
10.5,1531,28.75,24.68974526
11.99,945,30.25,45.67619048
7.35,1099,19.94,24.07643312
0.12,9,50,48
1.6,480,8,12
0,312,10,0
14.1,1560,35.75,32.53846154
1.04,265,6,14.12830189
0,6,45,0
0,5,65,0
12.19,1493,31.25,29.39316812
12.62,1283,32.25,35.41075604
16.84,2016,42,30.07142857
16.46,1286,40.75,46.0777605
13.62,1035,34,47.37391304
15.2,1440,37.25,38
16.6,1638,41.5,36.48351648
18.15,1630,45.25,40.08588957
11.4,1440,31.75,28.5
1.69,371,7.5,16.39892183
16.6,1320,40.75,45.27272727
16.55,1360,41.25,43.80882353
0.72,340,10,7.623529412
12.67,876,32,52.06849315
17.03,1458,42.5,42.04938272
6.48,774,18.25,30.13953488
16.53,1443,41,41.23908524
4.11,632,45,23.41139241
3.7,1020,13.25,13.05882353
14.9,1500,37,35.76
4.71,697,14.5,24.32711621
12.47,1375,32.75,32.64872727
4.76,767,12.74,22.34159061
2.88,574,10,18.06271777
0,957,19.49,0
0,466,11.92,0
0,4,35,0
7.9,1020,21.25,27.88235294
0,0,3.25,
0,0,50.75,
0,453,10,0
16.81,1203,41.25,50.3042394
23.56,1994,56.25,42.53560682
4.1,600,13,24.6
3.47,670,12,18.64477612
2.78,547,10,18.29616088
12.7,1661,33.25,27.525587
19.02,2048,48,33.43359375
2.19,570,9,13.83157895
3.7,840,13,15.85714286
17.99,1702,45,38.05170388
5.14,620,14.15,29.84516129
1.3,540,7.75,8.666666667
5.2,1500,17,12.48
2.01,509,8.75,14.21611002
2.63,708,10,13.37288136
0.44,1385,4.25,1.14368231
0,360,6.25,0
4.32,718,12.79,21.66016713
8.15,763,20.04,38.45347313
1.15,322,10,12.85714286
0.75,173,10,15.60693642
14.78,1528,37.5,34.82198953
4.77,1073,15.01,16.00372787
13.88,1883,36.5,26.53637812
1.35,458,10,10.61135371
9.22,1112,24.81,29.84892086
28.66,1951,68.5,52.88364941
6.64,1278,19,18.70422535
3.7,600,12.5,22.2
5.97,1072,17.25,20.04850746
0.6,1320,29.5,1.636363636
8.91,1559,25,20.57472739
3.1,783,10.92,14.25287356
14.88,2086,38.5,25.67976989
1.7,600,8.75,10.2
19.4,2100,47,33.25714286
0.8,1860,33,1.548387097
4.4,951,14.5,16.65615142
0,1080,25.5,0
6.35,629,17.75,36.34340223
0,1318,32.58,0
5.43,1025,18.47,19.07121951
15.42,1539,38.5,36.07017544
0.9,2520,39.75,1.285714286
18.96,1573,46.25,43.39224412
0,780,29.75,0
0.08,78,3.5,3.692307692
0,900,37.25,0
1,1620,41,2.222222222
9.9,1320,26.75,27
6.14,805,18.71,27.45838509
10.56,1239,28,30.68280872
17.55,1378,43.5,45.8490566
3.29,912,11.28,12.98684211
14.43,1197,36,43.39849624
13.06,1400,33.5,33.58285714
3.99,877,13.5,16.37856328
16.3,1560,40.75,37.61538462
5.51,927,17,21.39805825
0.9,1560,37.75,2.076923077
16.3,1440,40.25,40.75
0,9,25,0
0.35,644,10,1.956521739
2.33,682,9.75,12.29912023
0.7,180,5,14
0,420,7.5,0
2.9,780,30,13.38461538
17.65,1508,43.75,42.13527851
11.6,1320,30.25,31.63636364
1,1800,43.75,2
16.77,1381,41.5,43.71614772
16.1,1440,39.75,40.25
17.58,1368,43,46.26315789
1.4,240,6.5,21
11.31,3012,31,13.51792829
7,780,19.5,32.30769231
17.9,1800,44.25,35.8
4.05,731,13.25,19.94528044
2.12,539,10.55,14.15955473
11.87,1001,30.25,42.68931069
6.19,732,17.75,30.44262295
25.28,1777,60.75,51.2144063
3.81,873,40,15.71134021
10.74,1266,29,30.54028436
0,480,6.75,0
9.96,2834,34.5,12.65208186
0,46,40,0
8.79,1289,22.9,24.54926299
16.7,1680,41.75,35.78571429
5.47,579,14.91,34.01036269
0.4,169,4.5,8.520710059
0,2,3.25,0
0,0,99.5,
1.93,557,8.25,12.47396768
0.38,129,4,10.60465116
0.84,319,5.75,9.479623824
0.98,339,6,10.40707965
14.7,60,37.75,882
0.39,188,10,7.468085106
0,0,3.25,
0,5,15,0
5.11,1029,50,17.87755102
1.94,444,8,15.72972973
18.39,1929,44.5,34.32037325
7.66,996,19.67,27.68674699
0.33,146,4.25,8.136986301
10.29,1869,32.48,19.82022472
4.89,890,15.25,19.77977528
0,11,3.25,0
2.09,536,10,14.03731343
0.57,151,4.5,13.58940397
15.3,1207,38,45.63380282
11.59,1566,31.25,26.64367816
14.5,1009,36,51.73439049
17.77,1337,44,47.8474196
2.44,311,35.85,28.24437299
16.04,1613,40.25,35.79913205
2.7,720,10.5,13.5
3.5,660,11.75,19.09090909
17,1740,42.25,35.17241379
13.13,1390,33.75,34.0057554
22.02,1530,53,51.81176471
4.03,931,12.55,15.58324382
2.38,327,10,26.20183486
6.81,764,19,32.08900524
0.72,205,5.25,12.64390244
8.32,1372,23.5,21.83090379
9.95,1004,26.25,35.67729084
16.72,1959,41.5,30.72588055
4.73,801,14.75,21.25842697
11.63,1346,30.25,31.10549777
0,8,62.3,0
11.41,1273,29.75,32.26708562
0,1740,43,0
0.62,294,5.25,7.591836735
0.6,1320,28.5,1.636363636
6.4,840,18,27.42857143
1.19,395,6.5,10.84556962
7.4,960,20.25,27.75
0.7,240,5.25,10.5
10.4,1037,27.25,36.10414658
14.55,1339,36.5,39.11874533
2.34,355,8.75,23.72957746
17.85,1426,43.75,45.0631136
2.13,575,9.25,13.33565217
7.61,1385,22,19.78050542
17.7,1380,43.5,46.17391304
0,5,10,0
0.77,285,5.5,9.726315789
15.1,1320,37.5,41.18181818
2.53,589,11.03,15.46349745
7.5,1740,22.5,15.51724138
2.3,495,9,16.72727273
0.48,195,10,8.861538462
17.9,1920,44,33.5625
17.42,1468,43.25,42.71934605
18,1510,44.25,42.91390728
0,0,3.25,
0,120,3.5,0
13.2,1616,34.25,29.40594059
11.67,1680,30.75,25.00714286
13.63,1579,35,31.07536415
0,1500,43.5,0
1.85,726,9,9.173553719
2.08,818,0.01,9.15403423
13.05,1642,33.75,28.61144945
12.3,1320,31.75,33.54545455
0.3,840,18,1.285714286
15.13,1996,38.75,27.28857715
14.98,1326,37.25,40.66968326
11.59,877,29.5,47.57582668
0.1,660,9.5,0.545454545
6.43,731,18,31.66621067
18.77,1571,45.75,43.01209421
18,1680,44.5,38.57142857
15.37,1369,38.5,40.41782323
4.31,978,13.88,15.86503067
1.09,315,6,12.45714286
14.4,1320,36,39.27272727
13.1,1743,34.25,27.05679862
1.75,440,7.75,14.31818182
13.94,1056,34.75,47.52272727
3.52,575,14.14,22.03826087
6.57,1280,19.25,18.478125
2.87,719,10.5,14.36995828
2,786,9.75,9.160305344
2,2760,79.75,2.608695652
17.68,1234,43,51.57860616
0.04,39,15,3.692307692
1.19,384,6.75,11.15625
1,1500,40.75,2.4
11.25,1283,29.25,31.56664069
13.42,1336,34,36.16167665
17.6,1380,43.25,45.91304348
14.58,1137,53.94,46.16358839
11.53,991,30,41.88496468
13.8,1500,34.5,33.12
26.9,2109,64.75,45.91749644
1,1800,42.5,2
1.2,300,6.5,14.4
0.68,243,5.25,10.07407407
0,5,22,0
10.3,1020,27,36.35294118
9.31,1729,29,19.38461538
1.7,1560,13.75,3.923076923
5.78,1099,18,18.93357598
11.2,1680,30.75,24
0,0,3.25,
15.95,1765,40.75,32.5325779
1.5,374,10,14.43850267
1.01,282,5.75,12.89361702
0.7,1140,30.5,2.210526316
25.03,1719,60.25,52.41884817
11.84,1513,31.5,28.17184402
0.7,1020,30.5,2.470588235
5.61,1069,17,18.89242283
0.9,1440,38,2.25
3.5,720,11.75,17.5
6.08,992,18,22.06451613
0.24,157,4,5.503184713
1.45,466,7.25,11.20171674
18.15,1925,45.25,33.94285714
18.2,1680,45,39
0,5,64,0
13.92,1797,36.75,27.88647746
2.95,399,10,26.61654135
1.15,70833,6.5,0.058447334
1,1620,41.25,2.222222222
18.18,1611,45,40.62569832
11.79,922,30.25,46.03470716
12.31,1224,31.5,36.20588235
14.9,1500,37.5,35.76
17.19,1618,43.25,38.24721879
16.32,2860,47.5,20.54265734
0.62,382,5.75,5.842931937
2.9,360,10,29
2.95,770,10.01,13.79220779
0,7,3.25,0
0,1020,31.25,0
0.9,1680,39,1.928571429
6.27,834,18,27.0647482
1.43,417,10,12.34532374
0,0,3.25,
6.47,759,18.25,30.68774704
1.48,497,7.5,10.72032193
10.46,1206,27.5,31.2238806
1.81,339,10,19.22123894
2.24,1532,14.25,5.263707572
7.47,785,20.75,34.25732484
3.79,621,12.5,21.97101449
16.01,1448,40.25,39.8038674
0.72,196,5,13.2244898
1.33,477,10,10.03773585
0,1260,35.25,0
10.65,756,27.25,50.71428571
14.3,1320,35.75,39
0,2220,66.75,0
1.71,521,10,11.81573896
16.82,1934,41.5,31.30920372
20.57,2241,48.42,33.04417671
17.89,1453,43.5,44.32484515
8.8,0,24,inf
14.4,1320,36.25,39.27272727
0,12,400,0
0,1200,30,0
0,386,11.42,0
0,0,3.25,
1.46,579,8.25,9.077720207
0.02,4,44,18
7.05,685,18.16,37.05109489
16.51,1584,41.25,37.52272727
12.81,1618,33,28.50185414
0.27,137,4.25,7.094890511
2.09,678,10,11.09734513
12.51,1169,31.5,38.52523524
12.9,1680,32.75,27.64285714
12,1260,30.75,34.28571429
10.64,1237,28.5,30.96523848
0.42,211,4.75,7.165876777
0,7,3.25,0
31.87,2333,75.5,49.17788255
1.37,489,10,10.08588957
12.1,1260,31,34.57142857
0,2,45,0
3.09,359,25,30.98607242
0,0,3.25,
0.74,265,10,10.05283019
17.21,1455,42.5,42.5814433
8.37,945,23.25,31.88571429
0,838,10.87,0
0,373,10,0
16.63,1573,41.25,38.05975842
2.9,660,10.5,15.81818182
0.03,6,57,18
10.9,1260,29.25,31.14285714
15.3,1440,38.5,38.25
0.3,180,4.25,6
3,660,11,16.36363636
12.58,1338,32.75,33.84753363
2.27,634,9.5,12.88958991
33.6,2280,79.25,53.05263158
3.3,478,11,24.85355649
5.15,770,15.75,24.07792208
3.88,691,12.25,20.21418234
10,1140,26.5,31.57894737
1.3,420,7,11.14285714
7.17,1195,21,21.6
37.4,2580,88.5,52.18604651
0,420,7.25,0
0,14,60,0
1.16,333,6.25,12.54054054
0.8,1740,34.25,1.655172414
3.13,500,11,22.536
12.64,1300,32.75,35.00307692
20.66,3061,54,24.29794185
12.5,1380,32.75,32.60869565
0,540,17.25,0
5.7,600,16.25,34.2
0,1140,42,0
0.1,0,3.25,inf
6.98,663,17.16,37.90045249
13.08,1746,34.25,26.96907216
5.25,703,14.74,26.88477952
0.67,266,5.25,9.067669173
0.51,236,10,7.779661017
0,11,3.25,0
12.16,1794,32.25,24.40133779
0,7,40,0
0.8,1740,43.5,1.655172414
9.09,926,24,35.33909287
0,135,3.75,0
0,0,3.25,
14.5,1200,36.25,43.5
4.47,627,12.63,25.66507177
18.6,1920,46,34.875
19.7,1560,48,45.46153846
15.6,1680,40,33.42857143
0,8,49.75,0
14.3,1740,37.25,29.5862069
2.48,717,10.44,12.45188285
12.16,1406,31.29,31.13513514
0.7,300,5.25,8.4
4.33,936,14.55,16.65384615
12.62,1861,33.5,24.41268135
8.8,960,24,33
17.32,1507,42.5,41.37491705
0,6,60,0
15.22,1430,38.5,38.31608392
2.2,667,9,11.87406297
0.5,60,4.25,30
2.89,315,9.75,33.02857143
0.89,310,6,10.33548387
44.9,3600,105.25,44.9
0.99,484,7,7.363636364
12.73,1362,33.25,33.64757709
0,60,3.5,0
3.09,958,11.27,11.61169102
18.59,1756,45.75,38.11161731
2.18,406,8.5,19.33004926
0.4,1260,20.5,1.142857143
2.05,567,8.75,13.01587302
0,671,10,0
25.37,1855,60.25,49.23557951
2.9,720,11,14.5
5.71,957,16.75,21.47962382
1.31,447,7,10.55033557
